{
  "intrinsics": [
    [
      912.721435546875,
      0.0,
      649.003662109375
    ],
    [
      0.0,
      912.740966796875,
      363.2524719238281
    ],
    [
      0.0,
      0.0,
      1.0
    ]
  ],
  "camera_pose": [
    [
      -0.031372103840112686,
      0.46574684977531433,
      -0.8843616843223572,
      1.465423345565796
    ],
    [
      0.9990344643592834,
      0.04183907434344292,
      -0.013405595906078815,
      0.07441103458404541
    ],
    [
      0.03075725957751274,
      -0.8839283585548401,
      -0.4666097164154053,
      0.6564359068870544
    ],
    [
      0.0,
      0.0,
      0.0,
      1.0
    ]
  ],
  "label_map": {
    "ground": 0,
    "table": 2,
    "robot": 3,
    "obj_1": 101,
    "obj_2": 102,
    "obj_3": 103,
    "obj_4": 104,
    "obj_5": 105,
    "obj_6": 106,
    "obj_7": 107,
    "obj_8": 108,
    "obj_9": 109,
    "obj_10": 110,
    "obj_11": 111,
    "obj_12": 112
  },
  "scene_bounds": [
    -0.4,
    -0.8,
    -0.2,
    1.2,
    0.8,
    0.6
  ],
  "obj_denylist": [
    "obj_6",
    "obj_4",
    "obj_11",
    "obj_12"
  ],
  "obj_denylist_reason": "bad segmentations"
}